K-stat 무역통계 - 한국무역협회,,,,,,,,
"품목 : HSK 870323  ,  당월/누계 : 누계  ,  단위 : 금액 - 천불, 중량 - Kg, 증감률 - %",,,,,,,,
년월,수출,수출,수출,수출,수입,수입,수입,수입
년월,금액,증감률,중량,증감률,금액,증감률,중량,증감률
2024년,"4,982,725",6.2,"449,701,091",0.9,"674,302",-42.1,"30,765,074",-38.3
…1월,"1,742,486",15.6,"157,052,562",12.7,"176,257",-59.0,"7,522,145",-58.4
…2월,"3,210,495",5.7,"290,874,252",2.1,"415,643",-44.6,"18,565,245",-41.0
…3월,"4,982,725",6.2,"449,701,091",0.9,"674,302",-42.1,"30,765,074",-38.3
2023년,"19,280,805",10.2,"1,849,376,425",17.7,"3,831,364",-12.5,"171,148,529",-21.0
…1월,"1,506,946",12.7,"139,413,136",11.8,"429,493",60.0,"18,066,095",35.6
…2월,"3,036,687",21.5,"284,858,680",22.1,"750,362",19.9,"31,458,508",2.4
…3월,"4,691,239",26.6,"445,551,049",27.8,"1,164,047",18.6,"49,879,068",5.0
…4월,"6,350,970",25.5,"602,323,453",27.1,"1,576,825",20.2,"68,245,563",8.9
…5월,"7,961,276",23.7,"757,705,605",25.6,"1,907,615",10.9,"82,756,783",0.1
…6월,"9,540,804",24.8,"912,949,308",28.4,"2,316,627",13.4,"101,825,911",1.9
…7월,"11,117,765",17.3,"1,066,750,680",22.8,"2,536,595",9.9,"111,970,321",-1.4
…8월,"12,569,774",15.1,"1,210,448,591",22.0,"2,754,961",1.2,"120,848,893",-9.4
…9월,"13,990,757",11.6,"1,349,403,283",19.5,"2,970,862",-2.4,"130,655,536",-12.4
…10월,"15,695,040",11.4,"1,514,075,461",19.5,"3,230,332",-6.3,"142,914,875",-16.0
…11월,"17,532,843",11.0,"1,686,378,395",18.9,"3,542,814",-10.4,"157,954,705",-19.4
…12월,"19,280,805",10.2,"1,849,376,425",17.7,"3,831,364",-12.5,"171,148,529",-21.0
2022년,"17,491,799",6.6,"1,570,665,011",-1.0,"4,378,985",-2.2,"216,682,129",-4.4
…1월,"1,337,122",-2.2,"124,740,053",-8.6,"268,447",-27.4,"13,320,713",-27.1
…2월,"2,500,209",-7.8,"233,236,125",-14.0,"625,766",-3.3,"30,717,888",-1.8
…3월,"3,706,743",-15.1,"348,755,333",-19.5,"981,125",-18.2,"47,516,218",-20.5
…4월,"5,062,002",-14.9,"474,077,666",-19.5,"1,311,943",-18.3,"62,673,791",-21.2
…5월,"6,437,505",-10.3,"603,105,908",-15.4,"1,720,423",-13.0,"82,706,991",-14.9
…6월,"7,643,822",-10.9,"711,171,964",-16.2,"2,042,324",-17.4,"99,885,086",-17.1
…7월,"9,479,966",-5.2,"868,542,691",-11.9,"2,308,532",-18.7,"113,534,422",-18.5
…8월,"10,918,954",-0.5,"992,542,926",-8.6,"2,723,026",-13.8,"133,437,581",-14.5
…9월,"12,531,965",3.2,"1,129,164,221",-5.6,"3,043,586",-12.2,"149,217,426",-13.2
…10월,"14,087,009",4.0,"1,266,936,645",-4.3,"3,448,574",-9.2,"170,064,655",-10.1
…11월,"15,799,188",5.9,"1,418,452,506",-2.2,"3,954,664",-4.9,"196,078,890",-6.6
…12월,"17,491,799",6.6,"1,570,665,011",-1.0,"4,378,985",-2.2,"216,682,129",-4.4
2021년,"16,415,830",7.0,"1,587,153,865",2.4,"4,479,197",-6.0,"226,608,542",-7.9
…1월,"1,367,597",5.1,"136,506,182",4.3,"369,800",25.0,"18,271,973",17.7
…2월,"2,710,375",15.0,"271,047,676",11.8,"646,960",-8.6,"31,290,853",-15.4
…3월,"4,364,379",6.8,"433,252,785",4.8,"1,199,394",3.5,"59,747,916",0.2
…4월,"5,950,173",22.2,"588,928,626",19.7,"1,606,761",-7.1,"79,574,350",-7.8
…5월,"7,180,157",34.0,"712,968,184",31.1,"1,978,302",-7.5,"97,178,565",-8.3
…6월,"8,576,960",36.0,"849,130,067",32.7,"2,471,364",3.5,"120,539,268",0.7
…7월,"10,000,563",27.9,"985,946,546",24.3,"2,839,279",7.8,"139,342,487",5.5
…8월,"10,976,471",23.5,"1,085,625,577",19.9,"3,157,162",8.4,"156,016,613",5.7
…9월,"12,143,518",15.7,"1,196,515,116",11.8,"3,464,667",1.8,"171,864,983",-1.7
…10월,"13,547,650",11.1,"1,323,879,507",6.8,"3,795,913",1.0,"189,114,019",-3.0
…11월,"14,925,109",7.1,"1,450,793,380",3.2,"4,157,040",0.2,"209,914,422",-2.7
…12월,"16,415,830",7.0,"1,587,153,865",2.4,"4,479,197",-6.0,"226,608,542",-7.9
2020년,"15,348,327",-22.1,"1,549,858,521",-26.0,"4,764,879",-6.8,"246,019,465",-7.6
…1월,"1,301,078",-23.3,"130,870,555",-27.6,"295,874",-18.1,"15,524,333",-7.4
…2월,"2,356,863",-22.9,"242,378,618",-26.3,"708,021",12.4,"36,997,044",20.0
…3월,"4,084,622",-14.7,"413,309,831",-19.0,"1,158,839",13.7,"59,622,955",17.8
…4월,"4,870,669",-26.0,"492,111,245",-29.8,"1,729,036",20.6,"86,303,973",16.8
…5월,"5,356,334",-36.1,"543,825,837",-38.9,"2,138,531",20.4,"106,025,196",14.7
…6월,"6,308,231",-37.7,"639,790,649",-40.4,"2,388,771",13.4,"119,721,363",8.8
…7월,"7,819,539",-34.0,"793,114,607",-36.8,"2,634,794",0.3,"132,075,432",-2.2
…8월,"8,886,336",-32.7,"905,650,878",-35.4,"2,912,782",-7.7,"147,574,425",-8.5
…9월,"10,492,634",-28.1,"1,070,048,339",-31.0,"3,402,817",-6.8,"174,859,779",-7.1
…10월,"12,194,364",-25.4,"1,239,120,797",-28.8,"3,756,712",-11.3,"194,911,956",-10.9
…11월,"13,931,946",-22.6,"1,405,397,796",-26.8,"4,150,024",-8.2,"215,779,710",-8.1
…12월,"15,348,327",-22.1,"1,549,858,521",-26.0,"4,764,879",-6.8,"246,019,465",-7.6
2019년,"19,698,030",0.4,"2,095,743,626",0.8,"5,112,033",15.9,"266,225,677",17.0
…1월,"1,695,352",4.7,"180,656,111",9.7,"361,265",-19.0,"16,762,731",-12.5
…2월,"3,058,124",4.9,"328,800,503",11.5,"630,070",-18.6,"30,820,292",-14.4
…3월,"4,790,331",0.9,"510,155,010",6.7,"1,018,823",-22.4,"50,600,045",-18.1
…4월,"6,583,992",-0.1,"701,497,491",5.5,"1,434,051",-11.6,"73,911,612",-3.8
…5월,"8,383,786",2.2,"890,254,337",6.1,"1,775,557",-11.7,"92,453,725",-3.0
…6월,"10,126,750",2.7,"1,074,296,487",5.7,"2,106,845",-8.1,"110,068,235",0.5
…7월,"11,838,855",4.3,"1,255,551,847",6.3,"2,628,032",2.6,"135,113,222",8.3
…8월,"13,206,489",3.3,"1,402,881,643",4.8,"3,156,852",8.0,"161,273,798",11.0
…9월,"14,585,633",2.9,"1,551,772,076",4.0,"3,652,900",12.9,"188,128,710",14.3
…10월,"16,338,934",2.2,"1,740,879,714",3.2,"4,237,633",14.6,"218,782,704",14.6
…11월,"18,005,496",0.8,"1,919,547,298",1.7,"4,521,393",10.7,"234,867,711",11.0
…12월,"19,698,030",0.4,"2,095,743,626",0.8,"5,112,033",15.9,"266,225,677",17.0
2018년,"19,610,961",2.5,"2,080,128,882",3.4,"4,410,131",25.1,"227,560,780",23.0
…1월,"1,618,653",15.9,"164,700,935",12.9,"445,848",125.8,"19,158,980",68.5
…2월,"2,914,361",-1.4,"294,843,604",-3.5,"773,799",110.8,"35,994,330",68.3
…3월,"4,745,753",-0.7,"477,990,330",-3.4,"1,313,421",102.5,"61,753,993",64.0
…4월,"6,591,888",1.3,"664,902,398",-1.2,"1,622,761",90.1,"76,859,048",55.8
…5월,"8,204,821",0.6,"838,784,098",-0.6,"2,011,290",81.8,"95,287,327",50.2
…6월,"9,856,866",-1.1,"1,016,546,597",-1.7,"2,293,505",51.2,"109,499,176",29.5
…7월,"11,351,901",-3.0,"1,181,368,223",-2.8,"2,561,890",44.6,"124,804,438",26.7
…8월,"12,781,019",-0.9,"1,339,114,875",-0.4,"2,923,041",41.4,"145,307,052",26.7
…9월,"14,178,681",-2.9,"1,492,295,438",-2.0,"3,234,733",36.3,"164,572,488",25.3
…10월,"15,994,999",0.5,"1,686,412,966",1.4,"3,698,918",38.4,"190,847,670",29.2
…11월,"17,860,878",0.5,"1,887,517,058",1.3,"4,085,034",30.0,"211,629,297",25.4
…12월,"19,610,961",2.5,"2,080,128,882",3.4,"4,410,131",25.1,"227,560,780",23.0
2017년,"19,133,380",-13.1,"2,011,945,441",-11.2,"3,524,901",16.9,"185,025,907",0.5
…1월,"1,396,242",-13.4,"145,836,010",-13.8,"197,437",14.1,"11,370,775",-10.8
…2월,"2,956,757",-8.1,"305,532,111",-9.5,"367,001",16.8,"21,389,819",-6.1
…3월,"4,777,985",-12.6,"494,956,249",-13.3,"648,510",27.6,"37,658,244",0.9
…4월,"6,505,123",-11.7,"673,008,081",-12.6,"853,855",16.2,"49,342,725",-4.5
…5월,"8,154,560",-11.4,"843,817,031",-12.2,"1,106,262",15.0,"63,451,525",-4.9
…6월,"9,964,699",-11.6,"1,033,697,275",-11.7,"1,517,164",22.3,"84,553,360",1.9
…7월,"11,702,755",-10.3,"1,215,030,509",-10.2,"1,771,618",22.9,"98,541,389",3.9
…8월,"12,901,433",-9.4,"1,343,962,391",-8.9,"2,066,516",18.8,"114,643,563",3.5
…9월,"14,597,363",-5.5,"1,522,603,020",-4.7,"2,373,931",12.9,"131,355,849",1.4
…10월,"15,909,085",-7.4,"1,663,187,677",-6.4,"2,672,680",10.9,"147,752,513",-0.5
…11월,"17,772,479",-8.1,"1,863,306,029",-6.7,"3,142,627",13.2,"168,744,457",-1.2
…12월,"19,133,380",-13.1,"2,011,945,441",-11.2,"3,524,901",16.9,"185,025,907",0.5
2016년,"22,007,750",-8.5,"2,266,504,332",-9.2,"3,014,764",47.2,"184,170,980",34.7
…1월,"1,611,593",-17.8,"169,262,998",-15.7,"173,062",-1.3,"12,752,446",13.2
…2월,"3,218,472",-12.8,"337,651,827",-11.2,"314,225",-4.6,"22,788,185",6.7
…3월,"5,468,490",-8.2,"570,682,806",-7.5,"508,420",-1.9,"37,318,450",12.4
…4월,"7,369,409",-11.2,"770,267,098",-10.6,"734,774",6.4,"51,683,956",15.6
…5월,"9,206,536",-10.6,"960,594,931",-10.1,"961,771",14.9,"66,699,154",25.6
…6월,"11,273,311",-10.4,"1,171,063,385",-10.1,"1,240,127",25.9,"82,956,750",32.1
…7월,"13,053,563",-10.5,"1,352,408,044",-10.5,"1,441,672",26.7,"94,870,534",28.7
…8월,"14,237,435",-10.9,"1,475,116,586",-11.0,"1,739,052",31.7,"110,717,374",29.1
…9월,"15,453,239",-12.6,"1,598,461,015",-13.0,"2,103,361",39.6,"129,531,961",30.9
…10월,"17,183,253",-12.3,"1,777,587,605",-12.7,"2,409,913",43.5,"148,453,224",33.1
…11월,"19,334,480",-11.0,"1,998,171,270",-11.5,"2,775,010",51.9,"170,745,864",40.6
…12월,"22,007,750",-8.5,"2,266,504,332",-9.2,"3,014,764",47.2,"184,170,980",34.7
2015년,"24,059,230",-12.0,"2,495,176,208",-7.9,"2,047,656",10.9,"136,689,500",18.1
…1월,"1,960,292",-15.8,"200,831,998",-11.1,"175,330",54.4,"11,267,448",52.7
…2월,"3,690,694",-19.5,"380,401,455",-14.8,"329,535",34.3,"21,350,830",35.2
…3월,"5,957,595",-16.5,"616,999,050",-11.5,"518,192",29.9,"33,189,259",32.1
…4월,"8,302,176",-15.1,"861,759,411",-10.1,"690,400",23.2,"44,713,411",28.1
…5월,"10,296,870",-14.6,"1,068,130,016",-9.8,"837,136",15.3,"53,104,425",17.2
…6월,"12,580,951",-12.2,"1,302,255,732",-7.5,"985,023",13.0,"62,789,958",15.9
…7월,"14,590,754",-12.8,"1,510,538,927",-8.1,"1,137,750",10.1,"73,687,026",15.9
…8월,"15,983,006",-12.7,"1,656,943,650",-8.0,"1,319,991",10.6,"85,747,163",16.2
…9월,"17,688,650",-11.8,"1,837,184,657",-6.9,"1,506,598",12.1,"98,971,602",17.3
…10월,"19,583,040",-11.8,"2,037,076,119",-7.0,"1,679,323",13.7,"111,574,762",19.4
…11월,"21,724,947",-11.9,"2,258,913,243",-7.3,"1,826,882",12.1,"121,459,952",17.1
…12월,"24,059,230",-12.0,"2,495,176,208",-7.9,"2,047,656",10.9,"136,689,500",18.1
2014년,"27,343,312",0.4,"2,710,104,264",0.2,"1,846,350",22.8,"115,724,775",18.8
…1월,"2,326,794",-2.5,"225,994,927",-5.5,"113,572",8.8,"7,378,239",5.3
…2월,"4,583,384",2.6,"446,658,141",0.3,"245,429",28.3,"15,788,585",25.7
…3월,"7,135,145",5.6,"696,951,492",3.7,"398,950",28.1,"25,133,334",23.8
…4월,"9,773,720",8.1,"958,143,958",6.7,"560,415",31.0,"34,902,762",24.9
…5월,"12,056,478",6.3,"1,183,605,828",4.8,"726,354",34.2,"45,320,120",27.9
…6월,"14,325,813",3.7,"1,408,121,430",2.6,"871,351",33.8,"54,161,498",25.7
…7월,"16,727,979",5.2,"1,642,863,124",3.9,"1,033,046",26.5,"63,593,887",19.0
…8월,"18,304,792",2.2,"1,800,788,506",1.1,"1,193,800",27.6,"73,761,344",20.8
…9월,"20,054,553",2.2,"1,974,211,808",1.0,"1,344,216",23.5,"84,388,977",19.4
…10월,"22,204,129",0.5,"2,191,473,086",-0.3,"1,476,912",20.6,"93,419,849",17.7
…11월,"24,663,568",0.3,"2,438,082,861",-0.3,"1,630,338",19.0,"103,736,626",16.8
…12월,"27,343,312",0.4,"2,710,104,264",0.2,"1,846,350",22.8,"115,724,775",18.8
2013년,"27,232,142",-1.9,"2,704,584,004",-7.7,"1,503,414",22.3,"97,438,893",28.1
…1월,"2,386,106",24.1,"239,272,258",14.2,"104,410",0.2,"7,008,665",10.9
…2월,"4,467,158",-0.7,"445,532,229",-8.0,"191,345",3.1,"12,559,575",12.3
…3월,"6,757,044",-6.5,"672,151,794",-13.4,"311,394",10.6,"20,294,999",19.3
…4월,"9,038,115",-7.2,"898,335,133",-14.0,"427,638",20.6,"27,948,149",29.0
…5월,"11,346,583",-6.7,"1,129,014,616",-13.2,"541,066",15.7,"35,436,151",22.7
…6월,"13,808,593",-7.2,"1,372,297,146",-13.6,"651,421",16.5,"43,087,511",23.9
…7월,"15,903,152",-7.0,"1,581,951,471",-13.2,"816,960",21.4,"53,434,940",28.9
…8월,"17,903,415",-3.5,"1,781,109,346",-9.9,"935,287",24.4,"61,055,061",31.7
…9월,"19,626,836",-4.7,"1,954,201,814",-10.7,"1,088,584",29.3,"70,702,950",36.5
…10월,"22,091,582",-3.0,"2,198,445,407",-9.0,"1,224,734",29.5,"79,365,657",35.8
…11월,"24,585,363",-3.1,"2,445,434,102",-8.9,"1,369,891",29.0,"88,817,536",34.9
…12월,"27,232,142",-1.9,"2,704,584,004",-7.7,"1,503,414",22.3,"97,438,893",28.1
2012년,"27,767,857",5.7,"2,929,683,005",3.4,"1,228,876",3.5,"76,053,358",9.4
2011년,"26,282,559",35.9,"2,832,478,082",24.5,"1,187,028",0.7,"69,546,312",-6.6
…1월,"2,005,958",75.2,"225,598,081",65.8,"94,128",12.8,"5,871,386",12.7
…2월,"3,566,695",52.9,"396,120,656",43.1,"250,874",60.1,"14,379,985",41.5
…3월,"5,723,023",46.5,"630,574,857",35.8,"374,846",57.8,"21,752,864",39.6
…4월,"7,861,508",39.4,"864,930,416",29.9,"468,502",45.7,"26,919,946",26.8
…5월,"10,054,008",38.6,"1,100,157,038",28.2,"542,680",19.5,"31,364,494",6.5
…6월,"12,647,445",39.8,"1,375,168,879",28.2,"621,283",9.1,"36,216,243",-2.3
…7월,"14,922,687",38.8,"1,616,980,789",26.6,"748,133",13.5,"43,125,109",0.1
…8월,"16,776,716",39.4,"1,812,871,236",26.9,"832,891",1.6,"48,258,507",-8.3
…9월,"18,936,643",39.1,"2,044,846,104",26.9,"932,487",2.3,"54,086,183",-7.2
…10월,"21,238,720",37.2,"2,294,073,900",25.5,"1,009,150",1.9,"58,750,101",-6.5
…11월,"23,735,609",36.2,"2,561,871,298",24.8,"1,097,947",1.2,"64,318,191",-6.3
…12월,"26,282,559",35.9,"2,832,478,082",24.5,"1,187,028",0.7,"69,546,312",-6.6
2010년,"19,337,295",34.8,"2,274,601,058",26.0,"1,178,390",58.8,"74,422,464",58.3
…1월,"1,144,861",34.0,"136,030,610",23.8,"83,467",108.1,"5,209,835",123.1
…2월,"2,333,225",25.3,"276,816,545",15.2,"156,701",94.1,"10,163,646",110.6
…3월,"3,906,669",35.4,"464,180,014",23.8,"237,525",65.5,"15,581,609",83.3
…4월,"5,637,737",41.3,"665,917,239",29.2,"321,509",69.4,"21,225,868",79.9
…5월,"7,254,028",45.6,"858,079,691",33.4,"453,962",90.6,"29,458,938",92.4
…6월,"9,046,709",46.9,"1,073,062,210",35.2,"569,253",74.6,"37,056,730",76.2
…7월,"10,754,773",47.4,"1,277,417,166",35.9,"659,235",80.5,"43,075,117",82.4
…8월,"12,038,755",47.8,"1,428,347,449",35.9,"819,630",104.0,"52,618,181",102.5
…9월,"13,610,746",41.0,"1,611,606,183",30.2,"911,883",81.5,"58,268,322",84.3
…10월,"15,477,815",39.3,"1,828,232,500",29.2,"989,871",79.1,"62,863,096",78.4
…11월,"17,432,377",36.0,"2,053,533,190",26.8,"1,085,154",66.1,"68,668,474",66.2
…12월,"19,337,295",34.8,"2,274,601,058",26.0,"1,178,390",58.8,"74,422,464",58.3
2009년,"14,341,923",-14.6,"1,804,551,378",-13.5,"742,110",-12.0,"47,000,848",-5.7
…1월,"854,442",-42.3,"109,882,742",-39.7,"40,116",-38.3,"2,334,826",-36.0
…2월,"1,861,432",-29.7,"240,195,911",-25.5,"80,749",-37.5,"4,826,554",-34.6
…3월,"2,885,964",-30.5,"374,843,278",-26.0,"143,493",-39.9,"8,499,188",-35.6
…4월,"3,990,480",-30.6,"515,402,340",-26.3,"189,750",-40.2,"11,796,812",-32.5
…5월,"4,982,687",-31.4,"643,461,969",-27.1,"238,123",-41.5,"15,313,414",-31.9
…6월,"6,160,171",-30.3,"793,801,384",-26.3,"325,976",-32.7,"21,032,039",-22.0
…7월,"7,296,359",-26.9,"939,846,793",-23.0,"365,315",-34.9,"23,614,066",-25.4
…8월,"8,147,697",-26.7,"1,051,358,120",-22.6,"401,828",-36.8,"25,985,185",-27.1
…9월,"9,650,117",-20.9,"1,238,018,606",-17.3,"502,300",-30.2,"31,620,044",-22.8
…10월,"11,107,192",-19.4,"1,415,119,038",-16.7,"552,654",-27.5,"35,242,688",-20.3
…11월,"12,816,082",-17.2,"1,619,668,672",-15.5,"653,123",-18.6,"41,329,039",-12.0
…12월,"14,341,923",-14.6,"1,804,551,378",-13.5,"742,110",-12.0,"47,000,848",-5.7
2008년,"16,793,373",1.2,"2,085,254,014",0.1,"843,204",0.6,"49,837,954",3.1
…1월,"1,481,025",13.1,"182,284,250",11.4,"65,066",37.4,"3,648,954",37.5
…2월,"2,647,750",5.0,"322,230,956",1.5,"129,149",66.6,"7,377,006",57.6
…3월,"4,150,769",2.7,"506,436,328",-0.3,"238,800",75.0,"13,191,946",56.9
…4월,"5,748,905",5.0,"698,912,005",1.8,"317,262",57.1,"17,476,441",40.5
…5월,"7,262,568",5.6,"883,192,077",2.4,"407,007",54.3,"22,491,545",40.9
…6월,"8,833,185",6.8,"1,077,019,186",3.8,"484,296",42.2,"26,969,226",32.3
…7월,"9,986,878",5.1,"1,221,111,618",2.1,"561,074",35.3,"31,638,753",29.7
…8월,"11,114,664",4.0,"1,358,864,308",1.1,"635,663",28.1,"35,661,553",22.5
…9월,"12,206,161",3.1,"1,497,041,958",0.5,"719,350",28.0,"40,955,124",25.6
…10월,"13,787,357",2.7,"1,699,155,665",0.7,"761,799",19.3,"44,207,430",19.0
…11월,"15,479,687",2.3,"1,916,685,414",0.9,"801,903",7.9,"46,950,781",9.3
…12월,"16,793,373",1.2,"2,085,254,014",0.1,"843,204",0.6,"49,837,954",3.1
2007년,"16,595,026",14.3,"2,082,319,268",11.1,"838,220",32.2,"48,349,290",36.3
…1월,"1,309,986",11.0,"163,570,024",6.7,"47,356",66.4,"2,654,725",74.0
…2월,"2,522,820",12.2,"317,534,716",7.8,"77,530",12.9,"4,679,574",21.2
…3월,"4,043,262",13.7,"508,017,830",9.5,"136,463",8.3,"8,406,358",16.5
…4월,"5,475,042",15.4,"686,776,704",11.1,"201,962",15.6,"12,441,343",23.4
…5월,"6,876,506",14.8,"862,720,921",11.2,"263,731",14.4,"15,964,001",20.8
…6월,"8,269,067",13.6,"1,037,591,224",10.3,"340,530",15.9,"20,385,964",22.1
…7월,"9,504,463",19.0,"1,196,040,315",15.4,"414,707",24.1,"24,385,972",28.3
…8월,"10,682,614",20.3,"1,343,805,286",16.4,"496,288",26.0,"29,119,912",30.6
…9월,"11,838,200",15.1,"1,489,864,007",11.7,"561,992",22.1,"32,610,601",27.4
…10월,"13,429,955",17.4,"1,687,319,751",13.8,"638,620",27.6,"37,158,633",32.3
…11월,"15,134,165",16.3,"1,899,311,245",12.7,"743,486",30.7,"42,939,792",34.5
…12월,"16,595,026",14.3,"2,082,319,268",11.1,"838,220",32.2,"48,349,290",36.3
2006년,"14,520,894",7.1,"1,873,779,895",4.4,"634,180",10.9,"35,466,822",4.9
…1월,"1,179,768",-4.5,"153,238,003",-4.3,"28,458",0.1,"1,525,525",3.5
…2월,"2,248,528",2.6,"294,686,898",3.2,"68,677",28.5,"3,862,509",21.3
…3월,"3,556,519",4.9,"463,855,999",4.3,"126,037",31.9,"7,217,313",28.9
…4월,"4,745,797",2.8,"618,381,113",1.7,"174,750",27.3,"10,079,518",28.3
…5월,"5,988,152",5.5,"775,817,401",3.0,"230,604",29.7,"13,210,810",30.8
…6월,"7,276,343",6.6,"940,316,796",3.5,"293,877",34.5,"16,695,167",35.4
…7월,"7,990,249",0.1,"1,036,232,656",-2.5,"334,271",28.4,"18,999,779",28.8
…8월,"8,876,372",0.2,"1,154,079,900",-2.1,"393,922",28.2,"22,301,809",27.2
…9월,"10,282,280",5.9,"1,334,175,845",3.1,"460,352",27.5,"25,587,056",23.4
…10월,"11,439,030",4.6,"1,483,222,406",1.9,"500,609",25.0,"28,082,326",20.2
…11월,"13,016,366",6.2,"1,684,538,150",3.7,"568,772",24.2,"31,924,449",19.1
…12월,"14,520,894",7.1,"1,873,779,895",4.4,"634,180",10.9,"35,466,822",4.9
2005년,"13,557,971",8.2,"1,794,141,429",3.9,"571,919",41.1,"33,823,273",49.0
…1월,"1,234,885",79.6,"160,101,818",62.7,"28,423",34.4,"1,473,671",29.9
…2월,"2,191,215",36.7,"285,512,221",25.7,"53,440",33.7,"3,184,130",49.2
…3월,"3,391,376",29.3,"444,525,648",18.2,"95,588",30.5,"5,599,692",44.2
…4월,"4,617,281",27.4,"608,281,088",17.0,"137,276",32.7,"7,853,571",45.5
…5월,"5,675,696",25.9,"753,548,907",17.2,"177,841",32.0,"10,100,611",42.4
…6월,"6,826,762",23.9,"908,354,930",16.5,"218,522",24.7,"12,327,047",32.4
…7월,"7,978,954",23.6,"1,062,742,974",17.1,"260,312",24.7,"14,757,014",29.1
…8월,"8,856,027",19.5,"1,179,303,109",13.4,"307,323",25.8,"17,535,291",29.3
…9월,"9,705,696",14.1,"1,294,196,566",8.6,"361,151",31.7,"20,739,221",35.2
…10월,"10,938,790",12.1,"1,455,107,656",7.0,"400,560",31.8,"23,369,544",36.4
…11월,"12,252,910",10.8,"1,625,071,155",5.7,"457,984",31.6,"26,805,904",36.5
…12월,"13,557,971",8.2,"1,794,141,429",3.9,"571,919",41.1,"33,823,273",49.0
2004년,"12,531,899",25.5,"1,727,554,101",29.2,"405,446",12.4,"22,692,864",13.6
…1월,"687,634",-7.6,"98,393,798",3.5,"21,154",-24.9,"1,134,111",-27.4
…2월,"1,602,679",13.4,"227,072,453",25.9,"39,968",-16.9,"2,133,943",-23.8
…3월,"2,623,729",22.0,"376,163,117",37.0,"73,230",-9.1,"3,882,742",-16.3
…4월,"3,623,065",17.8,"520,001,588",32.5,"103,412",-10.7,"5,396,163",-19.0
…5월,"4,507,888",14.9,"643,207,243",27.5,"134,766",-8.8,"7,095,119",-16.8
…6월,"5,508,510",17.9,"779,982,829",28.6,"175,241",-1.4,"9,312,427",-7.9
…7월,"6,454,897",25.4,"907,270,386",34.8,"208,833",0.6,"11,430,817",-2.8
…8월,"7,407,816",27.5,"1,040,281,645",36.0,"244,202",5.1,"13,562,422",2.7
…9월,"8,502,770",27.4,"1,191,341,979",34.7,"274,207",2.6,"15,338,621",2.4
…10월,"9,756,205",25.0,"1,360,345,518",30.9,"303,845",3.6,"17,126,918",3.8
…11월,"11,058,239",25.1,"1,537,120,791",30.2,"347,948",7.7,"19,638,228",8.6
…12월,"12,531,899",25.5,"1,727,554,101",29.2,"405,446",12.4,"22,692,864",13.6
2003년,"9,988,413",24.4,"1,337,220,651",23.8,"360,590",23.4,"19,971,900",-4.6
2002년,"8,031,257",8.7,"1,079,974,998",5.4,"292,236",109.3,"20,933,612",83.0
…1월,"700,869",42.2,"94,743,399",37.9,"17,738",91.4,"1,331,238",88.9
…2월,"1,257,537",42.0,"171,559,630",36.9,"33,751",107.9,"2,546,369",100.9
…3월,"1,941,909",29.1,"264,197,661",25.0,"54,475",88.2,"4,126,587",85.2
…4월,"2,596,453",26.0,"353,274,210",22.7,"78,382",109.8,"6,019,922",106.6
…5월,"3,275,854",22.1,"445,233,742",18.9,"104,781",101.8,"8,049,661",98.1
…6월,"3,687,626",9.2,"501,895,815",6.9,"126,357",103.6,"9,580,981",94.8
…7월,"4,306,020",6.7,"582,845,462",4.0,"162,478",117.8,"11,927,414",99.4
…8월,"4,931,245",4.3,"667,779,288",1.8,"209,088",143.1,"15,039,169",114.3
…9월,"5,521,759",1.4,"746,129,576",-1.3,"227,236",120.2,"16,407,501",96.1
…10월,"6,356,620",3.4,"857,612,831",0.6,"243,365",115.8,"17,549,693",88.9
…11월,"7,180,163",4.1,"967,188,679",1.3,"265,967",112.1,"19,073,325",85.3
…12월,"8,031,257",8.7,"1,079,974,998",5.4,"292,236",109.3,"20,933,612",83.0
2001년,"7,389,207",3.3,"1,024,823,118",-3.0,"139,602",96.7,"11,436,655",112.0
…1월,"492,813",19.7,"68,722,021",10.1,"9,266",88.5,"704,829",117.4
…2월,"885,810",-5.4,"125,349,163",-12.4,"16,235",84.4,"1,267,250",111.4
…3월,"1,504,187",1.9,"211,441,162",-7.2,"28,945",103.8,"2,228,278",127.0
…4월,"2,060,075",8.1,"287,993,853",-2.5,"37,357",71.1,"2,913,494",90.5
…5월,"2,683,053",9.7,"374,473,222",-1.4,"51,919",93.1,"4,063,752",114.6
…6월,"3,376,191",16.4,"469,560,278",5.0,"62,054",95.4,"4,917,866",117.4
…7월,"4,037,376",14.4,"560,493,300",3.5,"74,597",88.9,"5,981,406",108.6
…8월,"4,729,671",14.3,"656,065,275",4.5,"86,013",88.1,"7,018,969",110.9
…9월,"5,446,556",11.6,"755,854,566",3.0,"103,176",92.5,"8,365,078",112.4
…10월,"6,144,947",7.2,"852,153,890",-0.8,"112,765",93.6,"9,290,048",114.0
…11월,"6,898,236",7.2,"955,082,564",-0.4,"125,379",94.8,"10,294,351",112.5
…12월,"7,389,207",3.3,"1,024,823,118",-3.0,"139,602",96.7,"11,436,655",112.0
2000년,"7,155,201",33.0,"1,056,726,399",24.2,"70,983",116.6,"5,393,932",124.2
…1월,"411,816",57.9,"62,432,308",47.4,"4,915",118.2,"324,144",102.1
…2월,"936,437",82.2,"143,057,299",69.5,"8,803",79.0,"599,464",74.5
…3월,"1,476,234",68.1,"227,806,886",59.0,"14,201",118.6,"981,620",106.0
…4월,"1,905,363",45.3,"295,436,791",38.8,"21,837",155.5,"1,529,610",152.5
…5월,"2,445,097",40.5,"379,807,913",34.7,"26,891",163.8,"1,893,642",161.6
…6월,"2,901,059",21.3,"447,298,535",16.1,"31,750",152.6,"2,262,493",149.5
…7월,"3,528,245",20.4,"541,536,854",15.5,"39,498",155.8,"2,867,863",153.8
…8월,"4,136,152",24.5,"627,836,332",18.3,"45,720",156.8,"3,328,567",152.8
…9월,"4,880,608",30.3,"733,893,922",23.0,"53,590",160.2,"3,938,339",158.1
…10월,"5,732,595",36.7,"859,397,494",28.7,"58,248",136.3,"4,340,582",139.1
…11월,"6,436,375",35.7,"958,884,045",27.3,"64,363",124.5,"4,844,778",130.5
…12월,"7,155,201",33.0,"1,056,726,399",24.2,"70,983",116.6,"5,393,932",124.2
1999년,"5,381,567",31.3,"850,702,303",25.6,"32,778",318.3,"2,406,342",275.2
…1월,"260,840",61.8,"42,350,162",78.1,"2,252",44.3,"160,386",66.8
…2월,"513,901",26.0,"84,421,096",31.3,"4,918",98.5,"343,502",70.8
…3월,"878,118",13.4,"143,238,522",15.2,"6,497",93.4,"476,609",69.3
…4월,"1,311,771",12.3,"212,890,062",13.1,"8,547",124.2,"605,769",89.8
…5월,"1,739,708",14.8,"281,954,449",14.0,"10,195",145.5,"723,946",107.2
…6월,"2,391,010",30.4,"385,355,678",27.9,"12,568",117.2,"906,889",87.6
…7월,"2,929,817",35.5,"468,895,276",30.6,"15,441",143.2,"1,130,017",115.6
…8월,"3,320,904",40.1,"530,694,470",33.7,"17,802",169.3,"1,316,531",140.4
…9월,"3,744,627",39.5,"596,684,100",33.0,"20,592",189.0,"1,525,807",164.3
…10월,"4,194,387",33.2,"667,506,143",27.8,"24,645",230.5,"1,815,102",199.2
…11월,"4,741,575",33.4,"753,407,992",28.2,"28,666",275.3,"2,101,756",234.4
…12월,"5,381,567",31.3,"850,702,303",25.6,"32,778",318.3,"2,406,342",275.2
1998년,"4,098,269",-11.8,"677,189,938",4.9,"7,836",-94.8,"641,410",-93.9
…1월,"161,179",34.0,"23,775,183",50.3,"1,561",-94.3,"96,172",-95.1
…2월,"407,743",13.5,"64,292,200",37.5,"2,477",-93.8,"201,116",-92.5
…3월,"774,153",5.1,"124,328,064",29.3,"3,360",-94.0,"281,591",-92.6
…4월,"1,167,694",4.7,"188,264,474",28.3,"3,812",-95.0,"319,130",-93.8
…5월,"1,515,803",-2.6,"247,314,240",19.0,"4,153",-95.5,"349,345",-94.5
…6월,"1,833,866",-12.6,"301,322,549",6.7,"5,786",-94.3,"483,360",-93.0
…7월,"2,162,010",-13.5,"358,941,768",6.0,"6,350",-94.5,"524,108",-93.4
…8월,"2,370,851",-15.1,"397,044,195",4.2,"6,611",-94.7,"547,558",-93.6
…9월,"2,684,637",-14.0,"448,631,169",4.6,"7,125",-94.8,"577,369",-93.9
…10월,"3,149,545",-11.4,"522,353,795",6.6,"7,457",-94.8,"606,672",-93.9
…11월,"3,554,419",-12.7,"587,704,716",4.3,"7,638",-94.9,"628,604",-93.9
…12월,"4,098,269",-11.8,"677,189,938",4.9,"7,836",-94.8,"641,410",-93.9
1997년,"4,646,869",33.4,"645,616,988",42.9,"150,975",-41.8,"10,445,283",-30.8
…1월,"120,252",-49.1,"15,815,621",-49.1,"27,241",-1.7,"1,944,739",30.0
…2월,"359,133",-22.6,"46,752,752",-22.5,"39,828",-1.4,"2,673,617",23.4
…3월,"736,413",0.1,"96,173,785",-0.2,"56,415",1.9,"3,782,795",22.2
…4월,"1,115,241",12.3,"146,692,592",11.2,"76,425",2.5,"5,151,459",25.2
…5월,"1,556,658",21.8,"207,895,039",22.6,"92,420",-8.8,"6,399,720",15.8
…6월,"2,097,307",35.8,"282,405,568",38.9,"100,885",-20.8,"6,920,648",-3.9
…7월,"2,499,001",37.1,"338,681,158",41.2,"114,887",-26.4,"7,931,731",-10.4
…8월,"2,792,513",36.9,"381,077,210",41.7,"124,381",-31.3,"8,513,647",-18.6
…9월,"3,122,847",33.9,"428,802,787",39.7,"137,318",-32.1,"9,461,796",-19.5
…10월,"3,554,722",31.3,"489,808,767",38.2,"143,482",-35.9,"9,933,171",-23.9
…11월,"4,069,380",32.4,"563,743,172",40.6,"148,658",-38.0,"10,287,533",-26.0
…12월,"4,646,869",33.4,"645,616,988",42.9,"150,975",-41.8,"10,445,283",-30.8
1996년,"3,482,693",26.0,"451,815,051",26.9,"259,532",61.5,"15,088,477",67.2
…1월,"236,204",40.3,"31,062,620",37.5,"27,713",126.6,"1,495,944",122.3
…2월,"463,838",22.4,"60,323,788",22.0,"40,408",84.0,"2,167,337",74.3
…3월,"735,986",22.3,"96,408,624",21.9,"55,373",59.3,"3,096,199",56.7
…4월,"993,169",20.9,"131,913,118",22.8,"74,527",55.3,"4,113,555",50.4
…5월,"1,278,236",27.1,"169,618,442",28.2,"101,285",62.8,"5,528,371",58.9
…6월,"1,543,946",20.4,"203,317,579",20.8,"127,348",70.3,"7,201,534",72.1
…7월,"1,822,527",19.3,"239,935,743",20.1,"156,128",69.8,"8,853,753",74.5
…8월,"2,039,085",18.9,"268,973,845",20.1,"181,173",59.8,"10,460,769",70.4
…9월,"2,332,213",21.3,"306,998,234",22.7,"202,218",57.9,"11,760,138",65.9
…10월,"2,708,100",23.4,"354,294,929",24.7,"223,670",62.4,"13,054,074",70.2
…11월,"3,072,461",24.6,"400,956,504",26.1,"239,922",57.0,"13,906,250",62.5
…12월,"3,482,693",26.0,"451,815,051",26.9,"259,532",61.5,"15,088,477",67.2
1995년,"2,765,025",61.6,"356,003,799",49.2,"160,684",92.7,"9,025,126",58.9
…1월,"168,360",39.6,"22,589,861",33.0,"12,230",261.8,"672,814",153.7
…2월,"378,836",69.7,"49,430,404",57.0,"21,959",352.9,"1,243,794",257.3
…3월,"601,761",49.9,"79,082,858",39.9,"34,760",265.3,"1,975,641",183.9
…4월,"821,149",51.5,"107,380,281",40.5,"48,000",226.0,"2,734,385",156.9
…5월,"1,005,706",48.9,"132,351,923",38.8,"62,232",176.4,"3,478,976",112.6
…6월,"1,281,907",54.8,"168,345,725",44.4,"74,793",170.9,"4,184,476",109.2
…7월,"1,527,941",62.8,"199,748,577",50.9,"91,951",129.5,"5,073,657",78.2
…8월,"1,715,066",64.0,"223,890,033",51.5,"113,397",129.7,"6,137,745",73.8
…9월,"1,922,232",66.2,"250,229,751",52.9,"128,085",120.8,"7,087,782",75.4
…10월,"2,194,976",68.1,"284,046,023",54.1,"137,686",108.2,"7,670,365",66.3
…11월,"2,465,923",66.4,"317,923,144",53.0,"152,843",102.6,"8,558,556",65.0
…12월,"2,765,025",61.6,"356,003,799",49.2,"160,684",92.7,"9,025,126",58.9
1994년,"1,710,682",11.1,"238,565,655",10.6,"83,406",171.9,"5,680,998",139.5
…1월,"120,623",82.1,"16,985,532",80.1,"3,380",0.7,"265,238",3.5
…2월,"223,235",31.9,"31,486,808",30.6,"4,848",-40.5,"348,076",-46.8
…3월,"401,371",17.3,"56,530,124",19.1,"9,515",-20.4,"695,982",-24.3
…4월,"541,984",0.6,"76,454,418",3.1,"14,726",12.4,"1,064,368",3.1
…5월,"675,330",5.1,"95,369,885",7.0,"22,513",34.8,"1,636,357",25.3
…6월,"828,300",15.4,"116,611,899",15.7,"27,608",43.2,"2,000,361",33.5
…7월,"938,315",17.0,"132,357,178",17.2,"40,072",88.4,"2,846,995",73.1
…8월,"1,045,577",17.1,"147,768,494",17.2,"49,367",112.5,"3,532,509",94.3
…9월,"1,156,259",12.7,"163,660,131",13.3,"58,012",129.1,"4,040,486",104.3
…10월,"1,306,040",13.0,"184,380,628",13.5,"66,117",142.3,"4,611,827",118.0
…11월,"1,482,072",11.3,"207,778,130",11.5,"75,438",149.9,"5,185,596",122.4
…12월,"1,710,682",11.1,"238,565,655",10.6,"83,406",171.9,"5,680,998",139.5
1993년,"1,540,363",79.5,"215,793,270",68.9,"30,679",-19.4,"2,372,117",-8.9
…1월,"66,257",367.8,"9,433,096",326.0,"3,358",-11.5,"256,275",-2.4
…2월,"169,241",132.1,"24,116,453",114.7,"8,147",7.9,"654,563",25.6
…3월,"342,069",143.5,"47,463,497",124.0,"11,960",7.7,"919,267",24.8
…4월,"538,884",150.0,"74,128,666",129.5,"13,100",-10.2,"1,032,023",7.6
…5월,"642,303",143.7,"89,100,520",127.9,"16,703",-5.5,"1,305,750",14.3
…6월,"717,534",111.5,"100,779,101",100.0,"19,278",2.0,"1,497,876",22.4
…7월,"801,724",100.5,"112,890,384",89.9,"21,269",-2.8,"1,644,692",13.6
…8월,"893,223",90.6,"126,038,067",80.9,"23,233",-12.7,"1,818,215",1.8
…9월,"1,025,640",90.7,"144,440,246",80.5,"25,324",-18.6,"1,978,026",-6.8
…10월,"1,156,130",84.9,"162,409,926",74.6,"27,288",-18.6,"2,115,441",-7.5
…11월,"1,331,856",86.9,"186,377,620",76.3,"30,193",-15.3,"2,332,125",-3.9
…12월,"1,540,363",79.5,"215,793,270",68.9,"30,679",-19.4,"2,372,117",-8.9
1992년,"857,926",3.1,"127,728,554",0.4,"38,070",29.6,"2,603,063",42.3
…1월,"14,162",-23.7,"2,214,101",-22.7,"3,795",131.9,"262,668",228.4
…2월,"72,915",97.1,"11,234,435",95.0,"7,547",110.3,"521,198",187.8
…3월,"140,477",49.2,"21,185,561",48.5,"11,109",135.5,"736,470",210.0
…4월,"215,584",54.0,"32,301,134",50.2,"14,595",129.6,"958,710",190.6
…5월,"263,579",38.1,"39,095,875",33.2,"17,684",96.6,"1,141,953",134.9
…6월,"339,309",23.9,"50,381,110",20.1,"18,905",78.6,"1,223,676",108.6
…7월,"399,881",22.9,"59,440,558",18.3,"21,876",52.9,"1,447,317",71.4
…8월,"468,612",18.2,"69,678,701",13.1,"26,604",46.2,"1,786,528",59.2
…9월,"537,964",13.8,"80,016,559",8.6,"31,120",36.6,"2,122,756",50.4
…10월,"625,334",5.4,"93,024,013",0.9,"33,531",30.3,"2,287,328",41.1
…11월,"712,577",0.4,"105,722,258",-3.4,"35,646",30.9,"2,426,181",43.4
…12월,"857,926",3.1,"127,728,554",0.4,"38,070",29.6,"2,603,063",42.3
1991년,"832,530",86.0,"127,163,060",82.5,"29,364",-53.8,"1,829,821",-62.3
…1월,"18,564",26.7,"2,864,877",16.3,"1,637",-76.1,"79,990",-85.6
…2월,"36,992",7.8,"5,761,726",-2.0,"3,588",-73.8,"181,081",-84.0
…3월,"94,178",59.3,"14,263,782",42.4,"4,718",-77.8,"237,583",-86.5
…4월,"139,980",65.1,"21,500,832",49.9,"6,356",-76.5,"329,911",-85.1
…5월,"190,809",83.5,"29,351,076",69.9,"8,995",-72.3,"486,153",-81.7
…6월,"273,818",84.3,"41,966,137",75.4,"10,586",-71.8,"586,529",-81.1
…7월,"325,456",77.0,"50,255,971",69.7,"14,311",-65.1,"844,490",-75.0
…8월,"396,356",93.0,"61,624,302",86.7,"18,200",-59.6,"1,122,517",-69.9
…9월,"472,650",89.9,"73,711,196",86.3,"22,788",-52.6,"1,411,155",-64.2
…10월,"593,118",104.8,"92,171,213",101.1,"25,736",-51.4,"1,621,142",-62.0
…11월,"709,978",102.6,"109,481,017",99.5,"27,237",-50.4,"1,692,458",-61.3
…12월,"832,530",86.0,"127,163,060",82.5,"29,364",-53.8,"1,829,821",-62.3
1990년,"447,640",-45.8,"69,679,865",-41.5,"63,541",68.0,"4,850,988",68.0
…1월,"14,654",-33.9,"2,463,831",-28.2,"6,835",262.6,"557,162",242.1
…2월,"34,312",-55.6,"5,878,641",-50.0,"13,705",348.4,"1,134,096",341.8
…3월,"59,115",-70.9,"10,016,614",-66.0,"21,252",367.7,"1,754,904",390.7
…4월,"84,789",-69.1,"14,347,062",-64.2,"27,027",321.2,"2,220,241",357.2
…5월,"103,957",-68.5,"17,278,318",-63.7,"32,501",266.4,"2,653,460",304.9
…6월,"148,610",-66.0,"23,931,924",-61.7,"37,504",163.9,"3,101,417",225.4
…7월,"183,898",-62.0,"29,614,125",-57.5,"40,973",128.0,"3,384,475",182.5
…8월,"205,330",-61.7,"33,012,282",-57.5,"45,018",116.0,"3,724,513",166.6
…9월,"248,926",-57.9,"39,565,286",-54.0,"48,094",101.9,"3,943,523",141.0
…10월,"289,662",-53.6,"45,839,297",-49.8,"52,971",92.2,"4,268,891",116.3
…11월,"350,464",-51.7,"54,890,990",-47.7,"54,939",85.5,"4,376,853",105.7
…12월,"447,640",-45.8,"69,679,865",-41.5,"63,541",68.0,"4,850,988",68.0
1989년,"825,455",-8.7,"119,039,791",-38.2,"37,830",127.5,"2,886,700",97.8
…1월,"22,154",-36.3,"3,432,543",-65.1,"1,885",20.6,"162,872",26.3
…2월,"77,321",4.5,"11,747,618",-30.1,"3,057",29.5,"256,728",16.3
…3월,"203,122",57.2,"29,440,043",-69.5,"4,544",50.2,"357,602",24.5
…4월,"274,443",95.2,"40,042,193",-59.5,"6,417",81.7,"485,656",32.9
…5월,"330,384",120.0,"47,582,650",-52.8,"8,869",122.2,"655,377",51.1
…6월,"437,441",97.5,"62,494,284",-42.5,"14,209",151.2,"952,972",71.5
…7월,"483,568",53.7,"69,670,632",-42.0,"17,971",115.5,"1,198,145",61.2
…8월,"536,301",41.5,"77,697,736",-39.1,"20,845",103.5,"1,396,789",48.9
…9월,"591,893",30.8,"86,013,256",-36.9,"23,825",100.5,"1,636,154",45.8
…10월,"624,721",20.6,"91,261,712",-36.8,"27,566",110.9,"1,973,199",59.1
…11월,"726,201",4.1,"104,891,171",-36.8,"29,615",107.8,"2,128,055",60.5
…12월,"825,455",-8.7,"119,039,791",-38.2,"37,830",127.5,"2,886,700",97.8
1988년,"903,996",63.6,"192,518,559",0.0,"16,628",-61.6,"1,459,181",0.0
…1월,"34,803",0.0,"9,821,498",0.0,"1,563",0.0,"128,955",0.0
…2월,"74,027",0.0,"16,809,822",0.0,"2,360",0.0,"220,738",0.0
…3월,"129,211",0.0,"96,616,798",0.0,"3,026",0.0,"287,329",0.0
…4월,"140,614",0.0,"98,789,973",0.0,"3,532",0.0,"365,316",0.0
…5월,"150,196",0.0,"100,783,873",0.0,"3,991",0.0,"433,730",0.0
…6월,"221,438",0.0,"108,704,562",0.0,"5,657",0.0,"555,680",0.0
…7월,"314,584",0.0,"120,177,512",0.0,"8,338",0.0,"743,294",0.0
…8월,"379,047",0.0,"127,663,779",0.0,"10,245",0.0,"937,842",0.0
…9월,"452,628",0.0,"136,269,067",0.0,"11,882",0.0,"1,122,003",0.0
…10월,"517,938",0.0,"144,507,782",0.0,"13,072",0.0,"1,239,941",0.0
…11월,"697,328",0.0,"165,955,190",0.0,"14,248",0.0,"1,326,258",0.0
…12월,"903,996",63.6,"192,518,559",0.0,"16,628",-61.6,"1,459,181",0.0
1987년,"552,457",100.4,0,0.0,"43,290",520.4,0,0.0
…1월,0,0.0,0,0.0,0,0.0,0,0.0
…2월,0,0.0,0,0.0,0,0.0,0,0.0
…3월,0,0.0,0,0.0,0,0.0,0,0.0
…4월,0,0.0,0,0.0,0,0.0,0,0.0
…5월,0,0.0,0,0.0,0,0.0,0,0.0
…6월,0,0.0,0,0.0,0,0.0,0,0.0
…7월,0,0.0,0,0.0,0,0.0,0,0.0
…8월,0,0.0,0,0.0,0,0.0,0,0.0
…9월,0,0.0,0,0.0,0,0.0,0,0.0
…10월,0,0.0,0,0.0,0,0.0,0,0.0
…11월,0,0.0,0,0.0,0,0.0,0,0.0
…12월,"552,457",100.4,0,0.0,"43,290",520.4,0,0.0
1986년,"275,680",152.6,0,0.0,"6,978",11.0,0,0.0
…1월,0,0.0,0,0.0,0,0.0,0,0.0
…2월,0,0.0,0,0.0,0,0.0,0,0.0
…3월,0,0.0,0,0.0,0,0.0,0,0.0
…4월,0,0.0,0,0.0,0,0.0,0,0.0
…5월,0,0.0,0,0.0,0,0.0,0,0.0
…6월,0,0.0,0,0.0,0,0.0,0,0.0
…7월,0,0.0,0,0.0,0,0.0,0,0.0
…8월,0,0.0,0,0.0,0,0.0,0,0.0
…9월,0,0.0,0,0.0,0,0.0,0,0.0
…10월,0,0.0,0,0.0,0,0.0,0,0.0
…11월,0,0.0,0,0.0,0,0.0,0,0.0
…12월,"275,680",152.6,0,0.0,"6,978",11.0,0,0.0
1985년,"109,135",185.5,0,0.0,"6,289",-17.1,0,0.0
…1월,0,0.0,0,0.0,0,0.0,0,0.0
…2월,0,0.0,0,0.0,0,0.0,0,0.0
…3월,0,0.0,0,0.0,0,0.0,0,0.0
…4월,0,0.0,0,0.0,0,0.0,0,0.0
…5월,0,0.0,0,0.0,0,0.0,0,0.0
…6월,0,0.0,0,0.0,0,0.0,0,0.0
…7월,0,0.0,0,0.0,0,0.0,0,0.0
…8월,0,0.0,0,0.0,0,0.0,0,0.0
…9월,0,0.0,0,0.0,0,0.0,0,0.0
…10월,0,0.0,0,0.0,0,0.0,0,0.0
…11월,0,0.0,0,0.0,0,0.0,0,0.0
…12월,"109,135",185.5,0,0.0,"6,289",-17.1,0,0.0
1984년,"38,224",135.0,0,0.0,"7,586",17.3,0,0.0
…1월,0,0.0,0,0.0,0,0.0,0,0.0
…2월,0,0.0,0,0.0,0,0.0,0,0.0
…3월,0,0.0,0,0.0,0,0.0,0,0.0
…4월,0,0.0,0,0.0,0,0.0,0,0.0
…5월,0,0.0,0,0.0,0,0.0,0,0.0
…6월,0,0.0,0,0.0,0,0.0,0,0.0
…7월,0,0.0,0,0.0,0,0.0,0,0.0
…8월,0,0.0,0,0.0,0,0.0,0,0.0
…9월,0,0.0,0,0.0,0,0.0,0,0.0
…10월,0,0.0,0,0.0,0,0.0,0,0.0
…11월,0,0.0,0,0.0,0,0.0,0,0.0
…12월,"38,224",135.0,0,0.0,"7,586",17.3,0,0.0
1983년,"16,264",61.9,0,0.0,"6,469",14.9,0,0.0
…1월,0,0.0,0,0.0,0,0.0,0,0.0
…2월,0,0.0,0,0.0,0,0.0,0,0.0
…3월,0,0.0,0,0.0,0,0.0,0,0.0
…4월,0,0.0,0,0.0,0,0.0,0,0.0
…5월,0,0.0,0,0.0,0,0.0,0,0.0
…6월,0,0.0,0,0.0,0,0.0,0,0.0
…7월,0,0.0,0,0.0,0,0.0,0,0.0
…8월,0,0.0,0,0.0,0,0.0,0,0.0
…9월,0,0.0,0,0.0,0,0.0,0,0.0
…10월,0,0.0,0,0.0,0,0.0,0,0.0
…11월,0,0.0,0,0.0,0,0.0,0,0.0
…12월,"16,264",61.9,0,0.0,"6,469",14.9,0,0.0
1982년,"10,044",-38.4,0,0.0,"5,631",22.8,0,0.0
…1월,0,0.0,0,0.0,0,0.0,0,0.0
…2월,0,0.0,0,0.0,0,0.0,0,0.0
…3월,0,0.0,0,0.0,0,0.0,0,0.0
…4월,0,0.0,0,0.0,0,0.0,0,0.0
…5월,0,0.0,0,0.0,0,0.0,0,0.0
…6월,0,0.0,0,0.0,0,0.0,0,0.0
…7월,0,0.0,0,0.0,0,0.0,0,0.0
…8월,0,0.0,0,0.0,0,0.0,0,0.0
…9월,0,0.0,0,0.0,0,0.0,0,0.0
…10월,0,0.0,0,0.0,0,0.0,0,0.0
…11월,0,0.0,0,0.0,0,0.0,0,0.0
…12월,"10,044",-38.4,0,0.0,"5,631",22.8,0,0.0
1981년,"16,302",66.1,0,0.0,"4,584",48.0,0,0.0
…1월,0,0.0,0,0.0,0,0.0,0,0.0
…2월,0,0.0,0,0.0,0,0.0,0,0.0
…3월,0,0.0,0,0.0,0,0.0,0,0.0
…4월,0,0.0,0,0.0,0,0.0,0,0.0
…5월,0,0.0,0,0.0,0,0.0,0,0.0
…6월,0,0.0,0,0.0,0,0.0,0,0.0
…7월,0,0.0,0,0.0,0,0.0,0,0.0
…8월,0,0.0,0,0.0,0,0.0,0,0.0
…9월,0,0.0,0,0.0,0,0.0,0,0.0
…10월,0,0.0,0,0.0,0,0.0,0,0.0
…11월,0,0.0,0,0.0,0,0.0,0,0.0
…12월,"16,302",66.1,0,0.0,"4,584",48.0,0,0.0
1980년,"9,815",-12.8,0,0.0,"3,097",-52.9,0,0.0
…1월,0,0.0,0,0.0,0,0.0,0,0.0
…2월,0,0.0,0,0.0,0,0.0,0,0.0
…3월,0,0.0,0,0.0,0,0.0,0,0.0
…4월,0,0.0,0,0.0,0,0.0,0,0.0
…5월,0,0.0,0,0.0,0,0.0,0,0.0
…6월,0,0.0,0,0.0,0,0.0,0,0.0
…7월,0,0.0,0,0.0,0,0.0,0,0.0
…8월,0,0.0,0,0.0,0,0.0,0,0.0
…9월,0,0.0,0,0.0,0,0.0,0,0.0
…10월,0,0.0,0,0.0,0,0.0,0,0.0
…11월,0,0.0,0,0.0,0,0.0,0,0.0
…12월,"9,815",-12.8,0,0.0,"3,097",-52.9,0,0.0
1979년,"11,251",32.6,0,0.0,"6,573",18.4,0,0.0
…1월,0,0.0,0,0.0,0,0.0,0,0.0
…2월,0,0.0,0,0.0,0,0.0,0,0.0
…3월,0,0.0,0,0.0,0,0.0,0,0.0
…4월,0,0.0,0,0.0,0,0.0,0,0.0
…5월,0,0.0,0,0.0,0,0.0,0,0.0
…6월,0,0.0,0,0.0,0,0.0,0,0.0
…7월,0,0.0,0,0.0,0,0.0,0,0.0
…8월,0,0.0,0,0.0,0,0.0,0,0.0
…9월,0,0.0,0,0.0,0,0.0,0,0.0
…10월,0,0.0,0,0.0,0,0.0,0,0.0
…11월,0,0.0,0,0.0,0,0.0,0,0.0
…12월,"11,251",32.6,0,0.0,"6,573",18.4,0,0.0
1978년,"8,488",70.4,0,0.0,"5,553",130.3,0,0.0
…1월,0,0.0,0,0.0,0,0.0,0,0.0
…2월,0,0.0,0,0.0,0,0.0,0,0.0
…3월,0,0.0,0,0.0,0,0.0,0,0.0
…4월,0,0.0,0,0.0,0,0.0,0,0.0
…5월,0,0.0,0,0.0,0,0.0,0,0.0
…6월,0,0.0,0,0.0,0,0.0,0,0.0
…7월,0,0.0,0,0.0,0,0.0,0,0.0
…8월,0,0.0,0,0.0,0,0.0,0,0.0
…9월,0,0.0,0,0.0,0,0.0,0,0.0
…10월,0,0.0,0,0.0,0,0.0,0,0.0
…11월,0,0.0,0,0.0,0,0.0,0,0.0
…12월,"8,488",70.4,0,0.0,"5,553",130.3,0,0.0
1977년,"4,981",0.0,0,0.0,"2,411",0.0,0,0.0
…1월,0,0.0,0,0.0,0,0.0,0,0.0
…2월,0,0.0,0,0.0,0,0.0,0,0.0
…3월,0,0.0,0,0.0,0,0.0,0,0.0
…4월,0,0.0,0,0.0,0,0.0,0,0.0
…5월,0,0.0,0,0.0,0,0.0,0,0.0
…6월,0,0.0,0,0.0,0,0.0,0,0.0
…7월,0,0.0,0,0.0,0,0.0,0,0.0
…8월,0,0.0,0,0.0,0,0.0,0,0.0
…9월,0,0.0,0,0.0,0,0.0,0,0.0
…10월,0,0.0,0,0.0,0,0.0,0,0.0
…11월,0,0.0,0,0.0,0,0.0,0,0.0
…12월,"4,981",0.0,0,0.0,"2,411",0.0,0,0.0
